INSERT INTO hourly_row_data (churn_user, cost, aggregate_date, hours, new_user, pay_amount, sales_amount)
VALUES
(100, 10000, '2022-12-01', 0 , 200, 30000, 20000),
(110, 20000, '2022-12-01', 1 , 220, 31000, 38000),
(120, 30000, '2022-12-01', 2 , 240, 32000, 80000),
(130, 40000, '2022-12-01', 3 , 250, 33000, 60000),
(140, 50000, '2022-12-01', 4 , 270, 34000, 50000),
(150, 60000, '2022-12-01', 5 , 220, 35000, 10000),
(160, 70000, '2022-12-01', 6 , 280, 36000, 20000),
(170, 80000, '2022-12-01', 7 , 290, 37000, 80000),
(180, 90000, '2022-12-01', 8 , 200, 38000, 70000),
(190, 21000, '2022-12-01', 9 , 220, 39000, 60000),
(200, 22000, '2022-12-01', 10, 100, 34300, 50000),
(210, 23000, '2022-12-01', 11, 200, 32000, 20000),
(220, 24000, '2022-12-01', 12, 300, 32000, 10000),
(230, 25000, '2022-12-01', 13, 600, 33000, 10000),
(240, 26000, '2022-12-01', 14, 300, 20000, 40000),
(250, 27000, '2022-12-01', 15, 800, 25000, 24300),
(260, 28000, '2022-12-01', 16, 500, 32000, 26000),
(270, 28000, '2022-12-01', 17, 200, 11000, 20000),
(280, 29000, '2022-12-01', 18, 224, 13000, 25000),
(290, 39000, '2022-12-01', 19, 250, 25000, 52000),
(300, 22000, '2022-12-01', 20, 260, 27600, 31000),
(310, 11000, '2022-12-01', 21, 270, 50000, 16000),
(320, 24000, '2022-12-01', 22, 300, 50000, 14200),
(330, 25000, '2022-12-01', 23, 340, 22000, 22000)
;

INSERT INTO hourly_data (churn_user, cost, aggregate_date, hours, new_user, pay_amount, sales_amount)
VALUES
(100, 10000, '2022-12-01', 0 , 200, 30000 , 20000),
(110, 20000, '2022-12-01', 1 , 220, 31000 , 38000),
(120, 30000, '2022-12-01', 2 , 240, 32000 , 80000),
(130, 40000, '2022-12-01', 3 , 250, 33000 , 60000),
(140, 50000, '2022-12-01', 4 , 270, 34000 , 50000),
(150, 60000, '2022-12-01', 5 , 220, 35000 , 10000),
(160, 70000, '2022-12-01', 6 , 280, 36000 , 20000),
(170, 80000, '2022-12-01', 7 , 290, 37000 , 80000),
(180, 90000, '2022-12-01', 8 , 200, 38000 , 70000),
(190, 21000, '2022-12-01', 9 , 220, 39000 , 60000),
(200, 22000, '2022-12-01', 10, 100, 34300, 50000),
(210, 23000, '2022-12-01', 11, 200, 32000, 20000),
(220, 24000, '2022-12-01', 12, 300, 32000, 10000),
(230, 25000, '2022-12-01', 13, 600, 33000, 10000),
(240, 26000, '2022-12-01', 14, 300, 20000, 40000),
(250, 27000, '2022-12-01', 15, 800, 25000, 24300),
(260, 28000, '2022-12-01', 16, 500, 32000, 26000),
(270, 28000, '2022-12-01', 17, 200, 11000, 20000),
(280, 29000, '2022-12-01', 18, 224, 13000, 25000),
(290, 39000, '2022-12-01', 19, 250, 25000, 52000),
(300, 22000, '2022-12-01', 20, 260, 27600, 31000),
(310, 11000, '2022-12-01', 21, 270, 50000, 16000),
(320, 24000, '2022-12-01', 22, 300, 50000, 14200),
(330, 25000, '2022-12-01', 23, 340, 22000, 22000)
;


INSERT INTO hourly_summary (hours, sum_new_user, sum_churn_user, sum_pay_amount, sum_cost, sum_sales_amount,
 avg_new_user, avg_churn_user, avg_pay_amount, avg_cost, avg_sales_amount,
 max_new_user, max_churn_user, max_pay_amount, max_cost, max_sales_amount,
 min_new_user, min_churn_user, min_pay_amount, min_cost, min_sales_amount
 )
VALUES
(0 ,55900 , 15000 , 5000000 , 1500000, 10000000 , 1000 , 9000 , 10000, 5000 , 10000, 30000, 60000, 1000000, 100000, 110000000, 1 , 5, 10000, 1000, 40000),
(1 ,65900 , 25000 , 4000000 , 2500000, 20000000 , 2000 , 8000 , 20000, 15000, 20000, 40000, 50000, 2000000, 200000, 120000000, 2 , 4, 20000, 2000, 30000),
(2 ,75900 , 35000 , 3000000 , 3500000, 30000000 , 3000 , 7000 , 30000, 25000, 30000, 50000, 30000, 3000000, 300000, 130000000, 3 , 3, 30000, 3000, 20000),
(3 ,85900 , 45000 , 2000000 , 4500000, 40000000 , 4000 , 6000 , 40000, 35000, 40000, 60000, 20000, 4000000, 400000, 140000000, 4 , 2, 40000, 4000, 10000),
(4 ,80900 , 55000 , 1000000 , 5500000, 50000000 , 5000 , 5000 , 50000, 35000, 50000, 70000, 10000, 5000000, 500000, 150000000, 4 , 1, 50000, 5000, 70000),
(5 ,90000 , 65000 , 2000000 , 6500000, 50000000 , 5000 , 4000 , 60000, 45000, 60000, 80000, 20000, 6000000, 600000, 160000000, 5 , 2, 60000, 6000, 60000),
(6 ,91000 , 75000 , 3000000 , 7500000, 50000000 , 6000 , 1000 , 70000, 55000, 20000, 90000, 30000, 7000000, 500000, 170000000, 6 , 3, 70000, 7000, 50000),
(7 ,92000 , 85000 , 4000000 , 8500000, 50000000 , 7000 , 13000, 80000, 65000, 30000, 80000, 40000, 8000000, 300000, 180000000, 7 , 4, 80000, 8000, 10000),
(8 ,93000 , 95000 , 5000000 , 8500000, 60000000 , 8000 , 1000 , 90000, 35000, 40000, 60000, 50000, 9000000, 200000, 190000000, 8 , 5, 12000, 5000, 30000),
(9 ,94000 , 105000, 6000000 , 7500000, 60000000 , 9000 , 1000 , 10000, 45000, 50000, 50000, 80000, 8000000, 100000, 200000000, 9 , 6, 12000, 3000, 20000),
(10,95000 , 115000, 7000000 , 6500000, 70000000 , 10000, 2000 , 20000, 55000, 60000, 40000, 60000, 7000000, 200000, 210000000, 11, 7, 13000, 2000, 10000),
(11,96000 , 120000, 8000000 , 5500000, 80000000 , 11000, 4000 , 30000, 65000, 70000, 30000, 70000, 6000000, 500000, 220000000, 12, 8, 14000, 1000, 20000),
(12,97000 , 130000, 9000000 , 5500000, 70000000 , 12000, 3000 , 40000, 75000, 80000, 70000, 90000, 5000000, 600000, 230000000, 13, 9, 15000, 4000, 40000),
(13,98000 , 140000, 10000000, 1500000, 70000000 , 13000, 5000 , 50000, 85000, 90000, 80000, 80000, 4000000, 100000, 240000000, 14, 7, 16000, 6000, 50000),
(14,99000 , 150000, 11000000, 9500000, 80000000 , 14000, 6000 , 60000, 95000, 80000, 90000, 90000, 3000000, 200000, 250000000, 10, 9, 17000, 2000, 60000),
(15,100000, 160000, 12000000, 9500000, 80000000 , 15000, 6000 , 70000, 85000, 70000, 20000, 80000, 2000000, 400000, 260000000, 15, 6, 18000, 5000, 40000),
(16,90000 , 150000, 11000000, 8500000, 90000000 , 14000, 7000 , 60000, 95000, 60000, 10000, 70000, 1000000, 300000, 270000000, 16, 5, 11000, 7000, 30000),
(17,80000 , 140000, 12000000, 8500000, 100000000, 13000, 8000 , 70000, 75000, 50000, 20000, 60000, 3000000, 200000, 190000000, 17, 5, 12000, 2000, 20000),
(18,70000 , 130000, 1000000 , 6500000, 110000000, 12000, 7000 , 80000, 65000, 40000, 60000, 50000, 5000000, 500000, 180000000, 18, 1, 10000, 1000, 10000),
(19,60000 , 120000, 9000000 , 6500000, 120000000, 12000, 6000 , 80000, 75000, 30000, 80000, 40000, 7000000, 600000, 170000000, 19, 3, 13000, 1000, 20000),
(20,50000 , 100000, 8000000 , 5500000, 110000000, 11000, 5000 , 30000, 85000, 20000, 90000, 30000, 5000000, 700000, 160000000, 21, 5, 20000, 4000, 40000),
(21,40000 , 90000 , 7000000 , 4500000, 10000000 , 10000, 4000 , 10000, 75000, 10000, 50000, 10000, 4000000, 800000, 150000000, 22, 6, 21000, 8000, 30000),
(22,30000 , 80000 , 6000000 , 2500000, 10000000 , 9000 , 3000 , 20000, 25000, 10000, 30000, 20000, 2000000, 900000, 140000000, 11, 4, 9000 , 4000, 20000),
(23,20000 , 70000 , 5000000 , 1500000, 80000000 , 8000 , 2000 , 30000, 15000, 20000, 10000, 30000, 1000000, 100000, 130000000, 14, 2, 30000, 1000, 30000)
 ;

INSERT INTO daily_summary (aggregate_date, sum_new_user, sum_churn_user, sum_pay_amount, sum_cost, sum_sales_amount,
 avg_new_user, avg_churn_user, avg_pay_amount, avg_cost, avg_sales_amount,
 max_new_user, max_churn_user, max_pay_amount, max_cost, max_sales_amount,
 min_new_user, min_churn_user, min_pay_amount, min_cost, min_sales_amount
 )
VALUES
('2022-12-01',55900 , 15000 , 5000000 , 1500000, 10000000 , 1000 , 9000 , 10000, 5000 , 10000, 30000, 60000, 1000000, 100000, 110000000, 1 , 5, 10000, 1000, 40000),
('2022-12-02',65900 , 25000 , 4000000 , 2500000, 20000000 , 2000 , 8000 , 20000, 15000, 20000, 40000, 50000, 2000000, 200000, 120000000, 2 , 4, 20000, 2000, 30000),
('2022-12-03',75900 , 35000 , 3000000 , 3500000, 30000000 , 3000 , 7000 , 30000, 25000, 30000, 50000, 30000, 3000000, 300000, 130000000, 3 , 3, 30000, 3000, 20000),
('2022-12-04',85900 , 45000 , 2000000 , 4500000, 40000000 , 4000 , 6000 , 40000, 35000, 40000, 60000, 20000, 4000000, 400000, 140000000, 4 , 2, 40000, 4000, 10000),
('2022-12-05',80900 , 55000 , 1000000 , 5500000, 50000000 , 5000 , 5000 , 50000, 35000, 50000, 70000, 10000, 5000000, 500000, 150000000, 4 , 1, 50000, 5000, 70000),
('2022-12-06',90000 , 65000 , 2000000 , 6500000, 50000000 , 5000 , 4000 , 60000, 45000, 60000, 80000, 20000, 6000000, 600000, 160000000, 5 , 2, 60000, 6000, 60000),
('2022-12-07',91000 , 75000 , 3000000 , 7500000, 50000000 , 6000 , 1000 , 70000, 55000, 20000, 90000, 30000, 7000000, 500000, 170000000, 6 , 3, 70000, 7000, 50000),
('2022-12-08',92000 , 85000 , 4000000 , 8500000, 50000000 , 7000 , 13000, 80000, 65000, 30000, 80000, 40000, 8000000, 300000, 180000000, 7 , 4, 80000, 8000, 10000),
('2022-12-09',93000 , 95000 , 5000000 , 8500000, 60000000 , 8000 , 1000 , 90000, 35000, 40000, 60000, 50000, 9000000, 200000, 190000000, 8 , 5, 12000, 5000, 30000),
('2022-12-10',94000 , 105000, 6000000 , 7500000, 60000000 , 9000 , 1000 , 10000, 45000, 50000, 50000, 80000, 8000000, 100000, 200000000, 9 , 6, 12000, 3000, 20000),
('2022-12-11',95000 , 115000, 7000000 , 6500000, 70000000 , 10000, 2000 , 20000, 55000, 60000, 40000, 60000, 7000000, 200000, 210000000, 11, 7, 13000, 2000, 10000),
('2022-12-12',96000 , 120000, 8000000 , 5500000, 80000000 , 11000, 4000 , 30000, 65000, 70000, 30000, 70000, 6000000, 500000, 220000000, 12, 8, 14000, 1000, 20000),
('2022-12-13',97000 , 130000, 9000000 , 5500000, 70000000 , 12000, 3000 , 40000, 75000, 80000, 70000, 90000, 5000000, 600000, 230000000, 13, 9, 15000, 4000, 40000),
('2022-12-14',98000 , 140000, 10000000, 1500000, 70000000 , 13000, 5000 , 50000, 85000, 90000, 80000, 80000, 4000000, 100000, 240000000, 14, 7, 16000, 6000, 50000),
('2022-12-15',99000 , 150000, 11000000, 9500000, 80000000 , 14000, 6000 , 60000, 95000, 80000, 90000, 90000, 3000000, 200000, 250000000, 10, 9, 17000, 2000, 60000),
('2022-12-16',100000, 160000, 12000000, 9500000, 80000000 , 15000, 6000 , 70000, 85000, 70000, 20000, 80000, 2000000, 400000, 260000000, 15, 6, 18000, 5000, 40000),
('2022-12-17',90000 , 150000, 11000000, 8500000, 90000000 , 14000, 7000 , 60000, 95000, 60000, 10000, 70000, 1000000, 300000, 270000000, 16, 5, 11000, 7000, 30000),
('2022-12-18',80000 , 140000, 12000000, 8500000, 100000000, 13000, 8000 , 70000, 75000, 50000, 20000, 60000, 3000000, 200000, 190000000, 17, 5, 12000, 2000, 20000),
('2022-12-19',70000 , 130000, 1000000 , 6500000, 110000000, 12000, 7000 , 80000, 65000, 40000, 60000, 50000, 5000000, 500000, 180000000, 18, 1, 10000, 1000, 10000),
('2022-12-20',60000 , 120000, 9000000 , 6500000, 120000000, 12000, 6000 , 80000, 75000, 30000, 80000, 40000, 7000000, 600000, 170000000, 19, 3, 13000, 1000, 20000),
('2022-12-21',50000 , 100000, 8000000 , 5500000, 110000000, 11000, 5000 , 30000, 85000, 20000, 90000, 30000, 5000000, 700000, 160000000, 21, 5, 20000, 4000, 40000),
('2022-12-22',40000 , 90000 , 7000000 , 4500000, 10000000 , 10000, 4000 , 10000, 75000, 10000, 50000, 10000, 4000000, 800000, 150000000, 22, 6, 21000, 8000, 30000),
('2022-12-23',30000 , 80000 , 6000000 , 2500000, 10000000 , 9000 , 3000 , 20000, 25000, 10000, 30000, 20000, 2000000, 900000, 140000000, 11, 4, 9000 , 4000, 20000),
('2022-12-24',20000 , 70000 , 5000000 , 1500000, 80000000 , 8000 , 2000 , 30000, 15000, 20000, 10000, 30000, 1000000, 100000, 130000000, 14, 2, 30000, 1000, 30000)
;

 INSERT INTO users ( username, password, user_role)
 VALUES
 ( 'admin', '$2a$10$esAqEEOCT6pwyPNjOpmaoukezujyIQWKpcSD1imag1k9ofKn79jna', 'ROLE_ADMIN'),
 ( 'user', '$2a$10$fkCXVps8jBPJ5O.v5PwCSeRSddYboCHZ/m1Xtbi9upFGkpaWH/ZgC', 'ROLE_USER')
 ;